{
  "info": {
    "name": "ITI Affiliation Backend API",
    "description": "Collection of all backend routes for ITI Affiliation system",
    "schema": "https://schema.getpostman.com/json/collection/v2.1.0/collection.json"
  },
  "item": [
    {
      "name": "Auth",
      "item": [
        {
          "name": "Login",
          "request": {
            "method": "POST",
            "header": [
              {
                "key": "Content-Type",
                "value": "application/json"
              }
            ],
            "body": {
              "mode": "raw",
              "raw": "{}"
            },
            "url": {
              "raw": "{{base_url}}/api/auth/login",
              "host": ["{{base_url}}"],
              "path": ["api", "auth", "login"]
            }
          }
        },
        {
          "name": "Token Validation",
          "request": {
            "method": "POST",
            "header": [
              {
                "key": "Authorization",
                "value": "{{auth_token}}"
              }
            ],
            "url": {
              "raw": "{{base_url}}/api/auth/tokenValidation",
              "host": ["{{base_url}}"],
              "path": ["api", "auth", "tokenValidation"]
            }
          }
        }
      ]
    },
    {
      "name": "Applicant",
      "item": [
        {
          "name": "Set Entity Details",
          "request": {
            "method": "POST",
            "header": [
              {
                "key": "Authorization",
                "value": "{{auth_token}}"
              },
              {
                "key": "Content-Type",
                "value": "application/json"
              }
            ],
            "body": {
              "mode": "raw",
              "raw": "{}"
            },
            "url": {
              "raw": "{{base_url}}/api/applicant/setEntityDetails",
              "host": ["{{base_url}}"],
              "path": ["api", "applicant", "setEntityDetails"]
            }
          }
        },
        {
          "name": "Get DB Entity Details",
          "request": {
            "method": "POST",
            "header": [
              {
                "key": "Authorization",
                "value": "{{auth_token}}"
              },
              {
                "key": "Content-Type",
                "value": "application/json"
              }
            ],
            "body": {
              "mode": "raw",
              "raw": "{}"
            },
            "url": {
              "raw": "{{base_url}}/api/applicant/getDbEntityDetails",
              "host": ["{{base_url}}"],
              "path": ["api", "applicant", "getDbEntityDetails"]
            }
          }
        },
        {
          "name": "Get App List By User ID",
          "request": {
            "method": "POST",
            "header": [
              {
                "key": "Authorization",
                "value": "{{auth_token}}"
              },
              {
                "key": "Content-Type",
                "value": "application/json"
              }
            ],
            "body": {
              "mode": "raw",
              "raw": "{}"
            },
            "url": {
              "raw": "{{base_url}}/api/applicant/getAppListByUserId",
              "host": ["{{base_url}}"],
              "path": ["api", "applicant", "getAppListByUserId"]
            }
          }
        },
        {
          "name": "Set Proposed Inst Details",
          "request": {
            "method": "POST",
            "header": [
              {
                "key": "Authorization",
                "value": "{{auth_token}}"
              },
              {
                "key": "Content-Type",
                "value": "application/json"
              }
            ],
            "body": {
              "mode": "raw",
              "raw": "{}"
            },
            "url": {
              "raw": "{{base_url}}/api/applicant/setProposedInstDetails",
              "host": ["{{base_url}}"],
              "path": ["api", "applicant", "setProposedInstDetails"]
            }
          }
        },
        {
          "name": "Get Proposed Inst Details For Auto Fill",
          "request": {
            "method": "POST",
            "header": [
              {
                "key": "Authorization",
                "value": "{{auth_token}}"
              },
              {
                "key": "Content-Type",
                "value": "application/json"
              }
            ],
            "body": {
              "mode": "raw",
              "raw": "{}"
            },
            "url": {
              "raw": "{{base_url}}/api/applicant/getProposedInstDetailsForAutoFill",
              "host": ["{{base_url}}"],
              "path": ["api", "applicant", "getProposedInstDetailsForAutoFill"]
            }
          }
        },
        {
          "name": "Get Stage 1 Form Flow",
          "request": {
            "method": "POST",
            "header": [
              {
                "key": "Authorization",
                "value": "{{auth_token}}"
              },
              {
                "key": "Content-Type",
                "value": "application/json"
              }
            ],
            "body": {
              "mode": "raw",
              "raw": "{}"
            },
            "url": {
              "raw": "{{base_url}}/api/applicant/getStage1FormFlow",
              "host": ["{{base_url}}"],
              "path": ["api", "applicant", "getStage1FormFlow"]
            }
          }
        },
        {
          "name": "Set Inst Trade Details",
          "request": {
            "method": "POST",
            "header": [
              {
                "key": "Authorization",
                "value": "{{auth_token}}"
              },
              {
                "key": "Content-Type",
                "value": "application/json"
              }
            ],
            "body": {
              "mode": "raw",
              "raw": "{}"
            },
            "url": {
              "raw": "{{base_url}}/api/applicant/setInstTradeDetails",
              "host": ["{{base_url}}"],
              "path": ["api", "applicant", "setInstTradeDetails"]
            }
          }
        },
        {
          "name": "Set Inst Land Details",
          "request": {
            "method": "POST",
            "header": [
              {
                "key": "Authorization",
                "value": "{{auth_token}}"
              },
              {
                "key": "Content-Type",
                "value": "application/json"
              }
            ],
            "body": {
              "mode": "raw",
              "raw": "{}"
            },
            "url": {
              "raw": "{{base_url}}/api/applicant/setInstLandDetails",
              "host": ["{{base_url}}"],
              "path": ["api", "applicant", "setInstLandDetails"]
            }
          }
        },
        {
          "name": "Get Fee Info",
          "request": {
            "method": "POST",
            "header": [
              {
                "key": "Authorization",
                "value": "{{auth_token}}"
              },
              {
                "key": "Content-Type",
                "value": "application/json"
              }
            ],
            "body": {
              "mode": "raw",
              "raw": "{}"
            },
            "url": {
              "raw": "{{base_url}}/api/applicant/getFeeInfo",
              "host": ["{{base_url}}"],
              "path": ["api", "applicant", "getFeeInfo"]
            }
          }
        },
        {
          "name": "Set As Exempted Stage I",
          "request": {
            "method": "POST",
            "header": [
              {
                "key": "Authorization",
                "value": "{{auth_token}}"
              },
              {
                "key": "Content-Type",
                "value": "application/json"
              }
            ],
            "body": {
              "mode": "raw",
              "raw": "{}"
            },
            "url": {
              "raw": "{{base_url}}/api/applicant/setAsExemptedStageI",
              "host": ["{{base_url}}"],
              "path": ["api", "applicant", "setAsExemptedStageI"]
            }
          }
        },
        {
          "name": "Set Upload Document Stage I",
          "request": {
            "method": "POST",
            "header": [
              {
                "key": "Authorization",
                "value": "{{auth_token}}"
              },
              {
                "key": "Content-Type",
                "value": "application/json"
              }
            ],
            "body": {
              "mode": "raw",
              "raw": "{}"
            },
            "url": {
              "raw": "{{base_url}}/api/applicant/setUploadDocumentStageI",
              "host": ["{{base_url}}"],
              "path": ["api", "applicant", "setUploadDocumentStageI"]
            }
          }
        },
        {
          "name": "Cookies",
          "request": {
            "method": "POST",
            "header": [
              {
                "key": "Authorization",
                "value": "{{auth_token}}"
              },
              {
                "key": "Content-Type",
                "value": "application/json"
              }
            ],
            "body": {
              "mode": "raw",
              "raw": "{}"
            },
            "url": {
              "raw": "{{base_url}}/api/applicant/Cookies",
              "host": ["{{base_url}}"],
              "path": ["api", "applicant", "Cookies"]
            }
          }
        },
        {
          "name": "Token Validation",
          "request": {
            "method": "POST",
            "header": [
              {
                "key": "Authorization",
                "value": "{{auth_token}}"
              },
              {
                "key": "Content-Type",
                "value": "application/json"
              }
            ],
            "body": {
              "mode": "raw",
              "raw": "{}"
            },
            "url": {
              "raw": "{{base_url}}/api/applicant/tokenValidation",
              "host": ["{{base_url}}"],
              "path": ["api", "applicant", "tokenValidation"]
            }
          }
        }
      ]
    },
    {
      "name": "General",
      "item": [
        {
          "name": "Get App Flow Step Info By Step",
          "request": {
            "method": "POST",
            "header": [
              {
                "key": "Authorization",
                "value": "{{auth_token}}"
              },
              {
                "key": "Content-Type",
                "value": "application/json"
              }
            ],
            "body": {
              "mode": "raw",
              "raw": "{}"
            },
            "url": {
              "raw": "{{base_url}}/api/general/getAppFlowStepInfoByStep",
              "host": ["{{base_url}}"],
              "path": ["api", "general", "getAppFlowStepInfoByStep"]
            }
          }
        },
        {
          "name": "Set New Status Of App By Step",
          "request": {
            "method": "POST",
            "header": [
              {
                "key": "Authorization",
                "value": "{{auth_token}}"
              },
              {
                "key": "Content-Type",
                "value": "application/json"
              }
            ],
            "body": {
              "mode": "raw",
              "raw": "{}"
            },
            "url": {
              "raw": "{{base_url}}/api/general/setNewStatusOfAppByStep",
              "host": ["{{base_url}}"],
              "path": ["api", "general", "setNewStatusOfAppByStep"]
            }
          }
        },
        {
          "name": "Get Assessment Status",
          "request": {
            "method": "POST",
            "header": [
              {
                "key": "Authorization",
                "value": "{{auth_token}}"
              },
              {
                "key": "Content-Type",
                "value": "application/json"
              }
            ],
            "body": {
              "mode": "raw",
              "raw": "{}"
            },
            "url": {
              "raw": "{{base_url}}/api/general/getAssessmentStatus",
              "host": ["{{base_url}}"],
              "path": ["api", "general", "getAssessmentStatus"]
            }
          }
        },
        {
          "name": "Get Details",
          "request": {
            "method": "POST",
            "header": [
              {
                "key": "Authorization",
                "value": "{{auth_token}}"
              },
              {
                "key": "Content-Type",
                "value": "application/json"
              }
            ],
            "body": {
              "mode": "raw",
              "raw": "{}"
            },
            "url": {
              "raw": "{{base_url}}/api/general/getDetails",
              "host": ["{{base_url}}"],
              "path": ["api", "general", "getDetails"]
            }
          }
        },
        {
          "name": "Get App Flow By App Id",
          "request": {
            "method": "POST",
            "header": [
              {
                "key": "Authorization",
                "value": "{{auth_token}}"
              },
              {
                "key": "Content-Type",
                "value": "application/json"
              }
            ],
            "body": {
              "mode": "raw",
              "raw": "{}"
            },
            "url": {
              "raw": "{{base_url}}/api/general/getAppFlowByAppId",
              "host": ["{{base_url}}"],
              "path": ["api", "general", "getAppFlowByAppId"]
            }
          }
        },
        {
          "name": "Get Trade Units Info",
          "request": {
            "method": "POST",
            "header": [
              {
                "key": "Authorization",
                "value": "{{auth_token}}"
              },
              {
                "key": "Content-Type",
                "value": "application/json"
              }
            ],
            "body": {
              "mode": "raw",
              "raw": "{}"
            },
            "url": {
              "raw": "{{base_url}}/api/general/getTradeUnitsInfo",
              "host": ["{{base_url}}"],
              "path": ["api", "general", "getTradeUnitsInfo"]
            }
          }
        }
      ]
    },
    {
      "name": "State",
      "item": [
        {
          "name": "Get App List By State User",
          "request": {
            "method": "POST",
            "header": [
              {
                "key": "Authorization",
                "value": "{{auth_token}}"
              },
              {
                "key": "Content-Type",
                "value": "application/json"
              }
            ],
            "body": {
              "mode": "raw",
              "raw": "{}"
            },
            "url": {
              "raw": "{{base_url}}/api/state/getAppListByStateUser",
              "host": ["{{base_url}}"],
              "path": ["api", "state", "getAppListByStateUser"]
            }
          }
        },
        {
          "name": "Set New Status Of App By Step",
          "request": {
            "method": "POST",
            "header": [
              {
                "key": "Authorization",
                "value": "{{auth_token}}"
              },
              {
                "key": "Content-Type",
                "value": "application/json"
              }
            ],
            "body": {
              "mode": "raw",
              "raw": "{}"
            },
            "url": {
              "raw": "{{base_url}}/api/state/setNewStatusOfAppByStep",
              "host": ["{{base_url}}"],
              "path": ["api", "state", "setNewStatusOfAppByStep"]
            }
          }
        },
        {
          "name": "Set Stage I Assessment Flow",
          "request": {
            "method": "POST",
            "header": [
              {
                "key": "Authorization",
                "value": "{{auth_token}}"
              },
              {
                "key": "Content-Type",
                "value": "application/json"
              }
            ],
            "body": {
              "mode": "raw",
              "raw": "{}"
            },
            "url": {
              "raw": "{{base_url}}/api/state/setStageIAssessmentFlow",
              "host": ["{{base_url}}"],
              "path": ["api", "state", "setStageIAssessmentFlow"]
            }
          }
        },
        {
          "name": "Get Assessment Stage I Flow By Id",
          "request": {
            "method": "POST",
            "header": [
              {
                "key": "Authorization",
                "value": "{{auth_token}}"
              },
              {
                "key": "Content-Type",
                "value": "application/json"
              }
            ],
            "body": {
              "mode": "raw",
              "raw": "{}"
            },
            "url": {
              "raw": "{{base_url}}/api/state/getAssessmentStageIFlowById",
              "host": ["{{base_url}}"],
              "path": ["api", "state", "getAssessmentStageIFlowById"]
            }
          }
        },
        {
          "name": "Get DA Status Possession Of Land",
          "request": {
            "method": "POST",
            "header": [
              {
                "key": "Authorization",
                "value": "{{auth_token}}"
              },
              {
                "key": "Content-Type",
                "value": "application/json"
              }
            ],
            "body": {
              "mode": "raw",
              "raw": "{}"
            },
            "url": {
              "raw": "{{base_url}}/api/state/get_da_status_possasion_of_land",
              "host": ["{{base_url}}"],
              "path": ["api", "state", "get_da_status_possasion_of_land"]
            }
          }
        },
        {
          "name": "Mark As Complete Stage Assessment Flow",
          "request": {
            "method": "POST",
            "header": [
              {
                "key": "Authorization",
                "value": "{{auth_token}}"
              },
              {
                "key": "Content-Type",
                "value": "application/json"
              }
            ],
            "body": {
              "mode": "raw",
              "raw": "{}"
            },
            "url": {
              "raw": "{{base_url}}/api/state/markAsCompleteStageAssessmentFlow",
              "host": ["{{base_url}}"],
              "path": ["api", "state", "markAsCompleteStageAssessmentFlow"]
            }
          }
        },
        {
          "name": "Get Assessment Progress Status",
          "request": {
            "method": "POST",
            "header": [
              {
                "key": "Authorization",
                "value": "{{auth_token}}"
              },
              {
                "key": "Content-Type",
                "value": "application/json"
              }
            ],
            "body": {
              "mode": "raw",
              "raw": "{}"
            },
            "url": {
              "raw": "{{base_url}}/api/state/getAssessmentProgressStatus",
              "host": ["{{base_url}}"],
              "path": ["api", "state", "getAssessmentProgressStatus"]
            }
          }
        },
        {
          "name": "Set DA Status Possession Of Land",
          "request": {
            "method": "POST",
            "header": [
              {
                "key": "Authorization",
                "value": "{{auth_token}}"
              },
              {
                "key": "Content-Type",
                "value": "application/json"
              }
            ],
            "body": {
              "mode": "raw",
              "raw": "{}"
            },
            "url": {
              "raw": "{{base_url}}/api/state/set_da_status_possasion_of_land",
              "host": ["{{base_url}}"],
              "path": ["api", "state", "set_da_status_possasion_of_land"]
            }
          }
        },
        {
          "name": "Get DA Status Land Area",
          "request": {
            "method": "POST",
            "header": [
              {
                "key": "Authorization",
                "value": "{{auth_token}}"
              },
              {
                "key": "Content-Type",
                "value": "application/json"
              }
            ],
            "body": {
              "mode": "raw",
              "raw": "{}"
            },
            "url": {
              "raw": "{{base_url}}/api/state/get_da_status_land_area",
              "host": ["{{base_url}}"],
              "path": ["api", "state", "get_da_status_land_area"]
            }
          }
        },
        {
          "name": "Get DA Status",
          "request": {
            "method": "POST",
            "header": [
              {
                "key": "Authorization",
                "value": "{{auth_token}}"
              },
              {
                "key": "Content-Type",
                "value": "application/json"
              }
            ],
            "body": {
              "mode": "raw",
              "raw": "{}"
            },
            "url": {
              "raw": "{{base_url}}/api/state/get_da_status",
              "host": ["{{base_url}}"],
              "path": ["api", "state", "get_da_status"]
            }
          }
        },
        {
          "name": "Set DA Status",
          "request": {
            "method": "POST",
            "header": [
              {
                "key": "Authorization",
                "value": "{{auth_token}}"
              },
              {
                "key": "Content-Type",
                "value": "application/json"
              }
            ],
            "body": {
              "mode": "raw",
              "raw": "{}"
            },
            "url": {
              "raw": "{{base_url}}/api/state/set_da_status",
              "host": ["{{base_url}}"],
              "path": ["api", "state", "set_da_status"]
            }
          }
        },
        {
          "name": "Update Assessment Status",
          "request": {
            "method": "POST",
            "header": [
              {
                "key": "Authorization",
                "value": "{{auth_token}}"
              },
              {
                "key": "Content-Type",
                "value": "application/json"
              }
            ],
            "body": {
              "mode": "raw",
              "raw": "{}"
            },
            "url": {
              "raw": "{{base_url}}/api/state/updateAssessmentStatus",
              "host": ["{{base_url}}"],
              "path": ["api", "state", "updateAssessmentStatus"]
            }
          }
        },
        {
          "name": "Mark As Complete Assessment",
          "request": {
            "method": "POST",
            "header": [
              {
                "key": "Authorization",
                "value": "{{auth_token}}"
              },
              {
                "key": "Content-Type",
                "value": "application/json"
              }
            ],
            "body": {
              "mode": "raw",
              "raw": "{}"
            },
            "url": {
              "raw": "{{base_url}}/api/state/markAsCompleteAssessment",
              "host": ["{{base_url}}"],
              "path": ["api", "state", "markAsCompleteAssessment"]
            }
          }
        },
        {
          "name": "Generate NOC",
          "request": {
            "method": "POST",
            "header": [
              {
                "key": "Authorization",
                "value": "{{auth_token}}"
              },
              {
                "key": "Content-Type",
                "value": "application/json"
              }
            ],
            "body": {
              "mode": "raw",
              "raw": "{}"
            },
            "url": {
              "raw": "{{base_url}}/api/state/generateNoc",
              "host": ["{{base_url}}"],
              "path": ["api", "state", "generateNoc"]
            }
          }
        }
      ]
    },
    {
      "name": "LGD",
      "item": [
        {
          "name": "Get States",
          "request": {
            "method": "POST",
            "header": [
              {
                "key": "Content-Type",
                "value": "application/json"
              }
            ],
            "body": {
              "mode": "raw",
              "raw": "{}"
            },
            "url": {
              "raw": "{{base_url}}/api/states/v1",
              "host": ["{{base_url}}"],
              "path": ["api", "states", "v1"]
            }
          }
        },
        {
          "name": "Get Districts",
          "request": {
            "method": "POST",
            "header": [
              {
                "key": "Content-Type",
                "value": "application/json"
              }
            ],
            "body": {
              "mode": "raw",
              "raw": "{\"stateCode\": \"01\"}"
            },
            "url": {
              "raw": "{{base_url}}/api/districts/v1",
              "host": ["{{base_url}}"],
              "path": ["api", "districts", "v1"]
            }
          }
        },
        {
          "name": "Get Subdistricts",
          "request": {
            "method": "POST",
            "header": [
              {
                "key": "Content-Type",
                "value": "application/json"
              }
            ],
            "body": {
              "mode": "raw",
              "raw": "{\"stateCode\": \"01\", \"districtCode\": \"001\"}"
            },
            "url": {
              "raw": "{{base_url}}/api/subdistricts/v1",
              "host": ["{{base_url}}"],
              "path": ["api", "subdistricts", "v1"]
            }
          }
        },
        {
          "name": "Get Villages",
          "request": {
            "method": "POST",
            "header": [
              {
                "key": "Content-Type",
                "value": "application/json"
              }
            ],
            "body": {
              "mode": "raw",
              "raw": "{\"stateCode\": \"01\", \"districtCode\": \"001\", \"subdistrictCode\": \"00001\"}"
            },
            "url": {
              "raw": "{{base_url}}/api/villages/v1",
              "host": ["{{base_url}}"],
              "path": ["api", "villages", "v1"]
            }
          }
        },
        {
          "name": "Get Pincode",
          "request": {
            "method": "POST",
            "header": [
              {
                "key": "Content-Type",
                "value": "application/json"
              }
            ],
            "body": {
              "mode": "raw",
              "raw": "{\"villageCode\": \"000001\"}"
            },
            "url": {
              "raw": "{{base_url}}/api/pincode/v1",
              "host": ["{{base_url}}"],
              "path": ["api", "pincode", "v1"]
            }
          }
        },
        {
          "name": "Search ITI by MIS Code",
          "request": {
            "method": "GET",
            "header": [],
            "url": {
              "raw": "{{base_url}}/api/iti/:misCode",
              "host": ["{{base_url}}"],
              "path": ["api", "iti", ":misCode"]
            }
          }
        }
      ]
    },
    {
      "name": "DST",
      "item": [
        {
          "name": "Get All DST Records",
          "request": {
            "method": "GET",
            "header": [
              {
                "key": "Authorization",
                "value": "{{auth_token}}"
              }
            ],
            "url": {
              "raw": "{{base_url}}/api/dst?page=1&limit=10",
              "host": ["{{base_url}}"],
              "path": ["api", "dst"],
              "query": [
                {
                  "key": "page",
                  "value": "1"
                },
                {
                  "key": "limit",
                  "value": "10"
                }
              ]
            }
          }
        },
        {
          "name": "Get DST Record by ID",
          "request": {
            "method": "GET",
            "header": [
              {
                "key": "Authorization",
                "value": "{{auth_token}}"
              }
            ],
            "url": {
              "raw": "{{base_url}}/api/dst/1",
              "host": ["{{base_url}}"],
              "path": ["api", "dst", "1"]
            }
          }
        },
        {
          "name": "Create DST Record",
          "request": {
            "method": "POST",
            "header": [
              {
                "key": "Authorization",
                "value": "{{auth_token}}"
              },
              {
                "key": "Content-Type",
                "value": "application/json"
              }
            ],
            "body": {
              "mode": "raw",
              "raw": "{\n  \"MIS_Code_id\": \"MIS001\",\n  \"MoU_Start_Date\": \"2025-01-01\",\n  \"MoU_End_Date\": \"2025-12-31\",\n  \"MoU_Details_verify\": false,\n  \"Name_of_Industry\": \"Tech Solutions Ltd\",\n  \"Complete_Address_of_Industry\": \"123 Industrial Area, City, State - 123456\",\n  \"Total_No_of_Employees\": 150,\n  \"Trade_Category\": \"Information Technology\",\n  \"Min_no_of_emp_in_Industry\": 50,\n  \"Min_turnover_of_industry\": 5000000.00,\n  \"Turnover_Record_pdf\": \"turnover_doc.pdf\",\n  \"Industry_Details_verify\": false,\n  \"Name_of_Concerned_Person\": \"John Doe\",\n  \"Email_of_Concerned_Person\": \"john.doe@techsolutions.com\",\n  \"Contact_No_of_Concerned_Person\": \"9876543210\",\n  \"Industry_PAN\": \"ABCDE1234F\",\n  \"Industry_Tin\": \"TIN123456\",\n  \"Industry_GST_Registration_Number\": \"22AAAAA0000A1Z5\",\n  \"Contact_Details_of_Concerned_Person_verify\": false,\n  \"Name_of_Trade_for_DST\": \"Software Development\",\n  \"Shift_wise_Number_of_Units\": 3,\n  \"Affiliated_Units_Status\": \"New Unit\",\n  \"Trade_Details_Sought_Under_DST_verify\": false\n}"
            },
            "url": {
              "raw": "{{base_url}}/api/dst",
              "host": ["{{base_url}}"],
              "path": ["api", "dst"]
            }
          }
        },
        {
          "name": "Update DST Record",
          "request": {
            "method": "PUT",
            "header": [
              {
                "key": "Authorization",
                "value": "{{auth_token}}"
              },
              {
                "key": "Content-Type",
                "value": "application/json"
              }
            ],
            "body": {
              "mode": "raw",
              "raw": "{\n  \"MIS_Code_id\": \"MIS001-UPDATED\",\n  \"MoU_Start_Date\": \"2025-02-01\",\n  \"MoU_End_Date\": \"2026-01-31\",\n  \"MoU_Details_verify\": true,\n  \"Name_of_Industry\": \"Tech Solutions Ltd - Updated\",\n  \"Complete_Address_of_Industry\": \"456 Industrial Area, City, State - 123456\",\n  \"Total_No_of_Employees\": 200,\n  \"Trade_Category\": \"Information Technology\",\n  \"Min_no_of_emp_in_Industry\": 75,\n  \"Min_turnover_of_industry\": 7500000.00,\n  \"Turnover_Record_pdf\": \"updated_turnover_doc.pdf\",\n  \"Industry_Details_verify\": true,\n  \"Name_of_Concerned_Person\": \"Jane Smith\",\n  \"Email_of_Concerned_Person\": \"jane.smith@techsolutions.com\",\n  \"Contact_No_of_Concerned_Person\": \"9876543211\",\n  \"Industry_PAN\": \"ABCDE1234F\",\n  \"Industry_Tin\": \"TIN123456\",\n  \"Industry_GST_Registration_Number\": \"22AAAAA0000A1Z5\",\n  \"Contact_Details_of_Concerned_Person_verify\": true,\n  \"Name_of_Trade_for_DST\": \"Advanced Software Development\",\n  \"Shift_wise_Number_of_Units\": 4,\n  \"Affiliated_Units_Status\": \"Already Affiliated Units\",\n  \"Trade_Details_Sought_Under_DST_verify\": true\n}"
            },
            "url": {
              "raw": "{{base_url}}/api/dst/1",
              "host": ["{{base_url}}"],
              "path": ["api", "dst", "1"]
            }
          }
        },
        {
          "name": "Delete DST Record",
          "request": {
            "method": "DELETE",
            "header": [
              {
                "key": "Authorization",
                "value": "{{auth_token}}"
              }
            ],
            "url": {
              "raw": "{{base_url}}/api/dst/1",
              "host": ["{{base_url}}"],
              "path": ["api", "dst", "1"]
            }
          }
        }
      ]
    }
  ],
  "variable": [
    {
      "key": "base_url",
      "value": "http://localhost:3000",
      "type": "string"
    },
    {
      "key": "auth_token",
      "value": "",
      "type": "string"
    }
  ]
}
